O\D;1.0;2.0;3.0;4.0;5.0;6.0;7.0;8.0;9.0;10.0;11.0;12.0;13.0;14.0;15.0;16.0;17.0;18.0;19.0;20.0;21.0;22.0;23.0;24.0;25.0;26.0;27.0;28.0;29.0;30.0;31.0;32.0;33.0;34.0;35.0;36.0;37.0;38.0;39.0;40.0;41.0
1.0;8;5;0;0;0;8;2;3;4;5;2;3;15;0;5;0;1;0;0;0;7;0;3;1;3;2;1;1;3;0;0;2;2;7;3;1;1;1;0;0;0
2.0;6;2;1;0;0;1;0;0;0;1;2;0;0;0;0;1;0;0;0;0;4;0;6;0;0;0;1;0;0;0;0;0;0;1;0;0;0;0;0;0;0
3.0;0;0;0;0;0;0;0;0;0;0;0;0;3;0;0;0;0;0;0;0;2;0;0;0;0;0;0;0;0;0;0;0;0;0;0;0;0;0;0;0;0
4.0;0;0;0;6;0;1;3;2;2;2;3;2;2;1;3;2;1;0;0;0;21;0;4;1;0;0;0;3;1;0;0;0;0;2;0;0;6;0;0;1;0
5.0;0;0;0;0;0;0;0;0;0;1;0;0;0;0;0;0;0;0;0;0;0;0;0;0;0;0;0;0;0;0;0;0;0;0;0;0;0;0;0;0;0
6.0;8;1;0;0;0;4;0;2;0;1;1;2;1;0;2;1;1;0;0;0;7;0;2;0;0;2;2;1;1;0;0;4;0;2;0;0;3;0;0;0;0
7.0;2;0;0;3;0;0;2;9;3;0;0;1;2;0;2;0;0;0;0;0;7;1;5;1;0;0;6;1;0;0;0;0;0;0;1;0;2;0;0;0;0
8.0;3;0;0;1;0;2;7;18;5;0;0;2;7;0;11;0;2;0;0;1;10;6;5;9;0;1;1;0;3;0;0;1;0;0;0;0;0;0;2;0;0
9.0;4;0;0;2;0;0;2;3;23;1;3;4;0;3;7;0;4;0;0;0;7;2;10;4;1;3;1;2;1;1;0;1;0;0;0;0;0;0;0;0;0
10.0;5;1;0;2;1;1;0;0;1;7;1;0;0;0;0;0;2;0;0;1;1;2;0;0;0;1;1;0;0;0;0;0;0;0;1;1;0;0;0;0;0
11.0;2;2;0;3;0;0;0;0;3;1;0;1;5;0;4;2;2;0;0;0;5;0;2;0;0;1;1;1;0;1;0;2;0;2;0;0;0;2;0;1;0
12.0;3;0;0;3;0;2;1;3;3;0;1;6;9;0;0;0;2;1;0;0;3;0;13;1;0;2;1;1;0;2;0;0;2;2;0;0;0;0;0;0;0
13.0;14;1;3;2;0;1;2;7;0;0;3;7;3;0;2;2;3;0;4;0;7;2;4;0;0;2;0;3;0;4;0;2;5;3;2;0;2;0;0;1;0
14.0;0;0;0;1;0;1;0;0;1;0;0;0;0;0;0;0;1;0;0;0;2;2;0;3;0;0;5;0;1;0;0;0;2;0;0;0;0;0;0;0;0
15.0;6;0;0;4;0;2;2;3;6;0;4;0;1;0;3;1;0;0;0;1;1;1;0;1;0;0;0;0;0;0;0;0;1;0;1;0;0;0;0;0;0
16.0;0;1;0;1;0;1;0;0;0;0;4;0;4;0;1;2;2;1;2;0;8;1;5;1;0;2;2;1;0;0;0;2;2;2;1;0;0;0;0;0;0
17.0;1;0;0;1;0;1;0;2;6;1;2;2;3;0;0;1;4;0;0;0;3;3;2;1;1;0;6;0;4;0;0;2;0;1;1;0;1;2;0;0;0
18.0;0;0;0;0;0;0;0;0;1;0;0;1;0;0;2;1;0;4;0;0;2;0;0;0;1;1;0;0;0;0;0;0;0;0;1;0;0;0;0;0;0
19.0;0;0;0;0;0;0;0;0;0;0;0;0;4;0;0;2;0;0;0;0;3;0;2;1;0;2;0;2;2;0;0;4;0;1;1;0;0;0;0;0;0
20.0;0;0;0;0;0;0;0;1;0;1;0;0;0;0;1;0;0;0;0;8;1;3;0;2;0;0;0;0;0;0;0;0;0;0;0;0;0;0;0;0;0
21.0;8;6;1;20;0;5;10;4;8;0;6;3;7;2;1;7;2;2;2;1;7;2;2;4;1;2;2;11;7;5;0;0;8;7;11;0;6;5;0;1;0
22.0;0;0;0;0;0;0;1;5;2;1;0;0;2;1;1;0;3;0;0;4;2;1;1;1;0;0;2;0;1;0;0;0;0;1;0;0;0;0;0;0;0
23.0;3;6;0;4;0;2;4;4;10;0;4;9;3;2;0;6;0;1;2;0;4;0;1;4;1;2;0;10;4;2;0;0;1;5;4;0;0;3;1;0;0
24.0;1;0;0;1;0;0;1;10;5;0;1;1;0;1;1;1;2;0;1;2;1;1;5;0;3;1;0;0;2;2;0;0;0;3;4;0;0;0;0;0;0
25.0;3;0;0;0;0;0;0;0;1;0;0;0;0;0;0;0;1;1;0;0;1;0;1;3;0;1;0;0;0;2;0;1;0;0;0;0;0;1;0;0;0
26.0;1;0;0;0;0;2;0;1;3;1;2;2;2;0;0;2;0;1;2;0;2;0;2;1;1;4;0;5;0;1;0;5;1;2;3;0;1;2;1;1;0
27.0;1;0;0;0;0;0;6;1;2;3;1;1;0;4;0;1;4;0;0;0;3;2;0;0;0;0;0;4;0;0;0;0;0;2;3;0;1;0;0;1;0
28.0;1;0;0;3;0;2;1;0;3;0;1;1;2;0;0;1;0;0;2;0;10;0;9;0;0;4;5;2;0;4;0;2;3;4;1;1;4;0;0;2;0
29.0;4;0;0;1;0;0;0;1;0;0;0;0;0;1;0;0;5;0;2;0;5;1;5;4;0;0;0;2;3;0;0;0;6;1;2;0;5;0;0;0;0
30.0;0;0;0;0;0;0;1;0;1;0;1;2;3;0;0;0;0;0;0;0;5;0;2;2;1;0;0;5;0;0;0;3;0;1;1;0;2;0;1;1;0
31.0;0;0;0;0;0;0;0;0;0;0;0;0;0;0;0;0;0;0;0;0;0;0;0;0;0;0;0;0;0;0;0;0;0;0;0;0;0;0;0;0;0
32.0;2;0;0;0;0;4;0;1;0;0;2;0;4;0;0;2;2;0;3;0;2;0;0;0;2;7;0;1;0;3;0;0;0;1;0;0;0;0;0;0;0
33.0;2;0;0;0;0;0;0;0;0;0;0;2;3;2;1;3;0;0;0;0;8;0;1;0;0;1;0;4;4;1;0;2;1;0;2;1;3;0;0;0;0
34.0;3;1;0;2;0;2;0;0;0;0;1;2;1;0;0;2;0;1;0;0;10;1;5;0;0;3;3;4;1;0;0;1;0;20;2;0;0;2;2;1;0
35.0;3;0;0;0;0;0;1;0;0;1;0;3;3;0;1;0;1;1;2;0;9;0;4;5;0;3;3;0;3;1;0;0;1;3;0;1;3;2;0;2;0
36.0;1;0;0;0;0;0;0;0;0;1;0;0;0;0;0;0;0;0;0;0;0;0;0;0;0;0;0;1;0;2;0;0;2;0;1;0;0;0;0;0;0
37.0;1;0;0;6;0;3;2;0;0;0;0;0;2;0;0;0;2;0;0;0;5;0;0;0;0;1;0;3;4;1;0;0;3;0;3;0;0;0;0;0;0
38.0;1;0;0;0;0;0;0;0;0;0;2;0;0;0;0;0;2;0;0;0;7;0;3;0;1;2;0;0;0;1;0;0;0;3;2;0;0;0;0;0;0
39.0;0;0;0;0;0;0;0;2;0;0;0;0;0;0;0;0;0;0;0;0;0;0;2;0;0;1;0;0;0;1;0;0;0;3;0;0;0;0;0;3;0
40.0;0;0;0;1;0;0;0;0;0;0;1;0;0;0;0;0;0;0;0;0;2;1;0;0;0;1;2;2;0;2;0;0;0;1;2;0;0;0;3;0;0
41.0;0;0;0;0;0;0;0;0;0;0;0;0;0;0;0;0;0;0;0;0;0;0;0;0;0;0;0;0;0;0;0;0;0;0;0;0;0;0;0;0;0
